,Timestamp,Which course are you enrolled in?,How did you hear about County College of Morris? [CCM Web site],"Hear, Social Media","Hear, Community Event","Hear, Family/Friend","Hear, CCM Student","Hear, CCM Alumni","Hear, HS Teacher","Hear, HS Counselor","Hear, Advertisement","Hear, Employer","Hear, Billboard","Hear, TV","Hear, Radio","Hear, Other","Impact, Cost","Impact, Location","Impact, Programs","Impact, Online","Impact, Family/Friend","Impact, Faculty/Staff","Impact, Reputation","Impact, Fiancial Aid","Impact, Scholarships","Impact, Class size","Impact, Extra-cirriculars","Impact, Transfer Credits","Impact, Prior Negative Experience","Impact, NJ Stars Program","Impact, Transfer to 4-Year","Impact, Credits while in HS","Prior, Open House","Prior, Instant Decision","Prior, Info Session","Prior, Open Titans Tuesday","Prior, Women Who Dare","Prior, Regional College Fair","Prior, Open HS Sharetime","Prior, Open Challenger Program","Prior, Open Cyber Info","Prior, Open HS Info Session","Prior, HS Campus Visit","Prior, Individual Campus Visit","Prior, Workforce Development","Prior, Corporate Training","Prior, Teen Arts Festival","Prior, Summer Camp","Prior, Corporate Training","Recieve, HS Teacher","Recieve, CCM IT Website","Recieve, Corporate Admissions","Recieve, Corporate Advisor/Counselor","Recieve, Corporate Employer","Recieve, Corporate Workforce Development","Recieve, Corporate NJ Workforce Development","Recieve, Corporate other",Rating (1-5)
0,2024/09/09 12:33:58 PM AST,CMP 128 Computer Science I,Yes,Yes,Yes,Yes,Yes,Yes,Yes,Yes,No,No,No,No,No,No,High Impact,High Impact,Some Impact,Some Impact,Some Impact,No Impact,Some Impact,No Impact,No Impact,No Impact,No Impact,Some Impact,No Impact,No Impact,High Impact,Some Impact,No,No,No,No,No,No,No,No,No,No,No,Yes,No,No,No,Yes,,,,,,,,,,2.0
1,2024/09/09 6:00:11 PM AST,,No,No,Yes,No,No,No,Yes,Don't recall,No,No,No,No,No,Don't recall,Some Impact,Some Impact,Some Impact,No Impact,,No Impact,Some Impact,Some Impact,No Impact,No Impact,No Impact,,,No Impact,No Impact,,Yes,No,No,No,No,Not Sure,No,No,No,No,No,No,No,No,No,Not Sure,Don't recall,Don't recall,No,No,No,No,No,No,Don't recall,
2,2024/09/10 9:00:12 AM AST,CMP 128 Computer Science I,No,No,No,Yes,No,Yes,No,Yes,No,No,No,No,No,No,High Impact,Some Impact,Some Impact,No Impact,High Impact,Some Impact,High Impact,Some Impact,Some Impact,Some Impact,Some Impact,No Impact,No Impact,No Impact,High Impact,No Impact,No,No,No,No,No,No,No,No,No,No,No,No,No,No,No,No,No,No,No,Yes,No,No,No,No,No,
3,2024/09/10 12:34:53 PM AST,CMP 128 Computer Science I,Yes,Yes,Yes,Yes,No,No,Yes,Yes,No,No,Yes,Yes,No,No,High Impact,High Impact,High Impact,Some Impact,High Impact,Some Impact,Some Impact,Some Impact,Some Impact,No Impact,Some Impact,Some Impact,No Impact,High Impact,High Impact,No Impact,Yes,No,Yes,No,No,No,No,No,No,Yes,Yes,Yes,No,No,No,No,,,,,,,,,,3.0
4,2024/09/10 3:06:47 PM AST,CMP 128 Computer Science I,No,No,No,Yes,No,No,Yes,No,No,Yes,No,No,No,No,High Impact,High Impact,Some Impact,Some Impact,High Impact,Some Impact,Some Impact,No Impact,No Impact,No Impact,No Impact,No Impact,No Impact,No Impact,Some Impact,Some Impact,No,No,No,No,No,No,No,No,No,No,No,No,No,No,No,No,Don't recall,Don't recall,No,No,No,Yes,No,No,Yes,
5,2024/09/10 3:07:28 PM AST,CMP 128 Computer Science I,No,No,No,No,No,Yes,No,No,No,Yes,No,No,No,No,No Impact,No Impact,No Impact,No Impact,No Impact,No Impact,No Impact,No Impact,No Impact,No Impact,No Impact,No Impact,No Impact,No Impact,No Impact,No Impact,No,No,No,No,No,No,No,No,No,No,No,No,No,No,No,No,,,,,,,,,,4.0
6,2024/09/10 3:07:36 PM AST,CMP 128 Computer Science I,Yes,Yes,Don't recall,Yes,No,No,Yes,Yes,No,No,No,No,No,No,High Impact,High Impact,High Impact,High Impact,No Impact,No Impact,Some Impact,Some Impact,Some Impact,Some Impact,No Impact,Some Impact,No Impact,No Impact,High Impact,No Impact,No,No,No,No,No,No,No,No,No,No,No,No,No,No,No,No,,,,,,,,,,2.0
7,2024/09/10 3:07:42 PM AST,CMP 128 Computer Science I,Yes,Yes,No,Yes,Yes,Yes,Yes,Yes,No,No,No,No,No,No,High Impact,High Impact,High Impact,Some Impact,Some Impact,Some Impact,Some Impact,Some Impact,Some Impact,Some Impact,Some Impact,Some Impact,No Impact,No Impact,High Impact,Some Impact,No,No,No,No,No,No,No,No,No,No,No,No,No,No,No,No,,,,,,,,,,3.0
8,2024/09/10 3:07:51 PM AST,CMP 128 Computer Science I,No,No,No,No,No,No,Yes,Yes,No,No,No,No,No,No,High Impact,No Impact,No Impact,No Impact,No Impact,Some Impact,No Impact,High Impact,High Impact,High Impact,No Impact,High Impact,No Impact,High Impact,High Impact,No Impact,No,No,Yes,No,No,No,No,No,No,Yes,Yes,No,No,No,No,No,Yes,Yes,Don't recall,Yes,Yes,Yes,No,No,No,
9,2024/09/10 3:08:06 PM AST,CMP 128 Computer Science I,No,No,No,Yes,No,No,No,No,No,No,No,No,No,No,High Impact,No Impact,No Impact,No Impact,High Impact,No Impact,No Impact,No Impact,No Impact,No Impact,No Impact,No Impact,No Impact,No Impact,High Impact,No Impact,No,No,No,No,No,No,No,No,No,No,No,No,No,No,No,No,No,No,No,No,No,No,No,No,No,
10,2024/09/10 3:08:12 PM AST,CMP 128 Computer Science I,No,No,No,Yes,No,No,Yes,Yes,No,No,No,No,No,No,High Impact,High Impact,High Impact,No Impact,No Impact,No Impact,High Impact,High Impact,No Impact,High Impact,No Impact,No Impact,No Impact,No Impact,,No Impact,No,No,No,No,No,No,No,No,No,No,No,No,No,No,No,No,Yes,Yes,Yes,Yes,Yes,No,No,No,No,
11,2024/09/10 3:08:18 PM AST,CMP 128 Computer Science I,Yes,Yes,No,No,No,No,No,No,No,No,No,No,No,No,High Impact,High Impact,High Impact,No Impact,Some Impact,No Impact,High Impact,High Impact,No Impact,Some Impact,No Impact,No Impact,No Impact,No Impact,High Impact,No Impact,Yes,Yes,Yes,No,No,No,Yes,No,No,Yes,No,Yes,No,No,No,No,,,,,,,,,,1.0
12,2024/09/10 3:08:20 PM AST,CMP 128 Computer Science I,No,No,No,No,Yes,No,Yes,No,No,No,No,No,No,Yes,High Impact,High Impact,Some Impact,Some Impact,No Impact,No Impact,No Impact,No Impact,No Impact,Some Impact,No Impact,No Impact,No Impact,No Impact,High Impact,No Impact,Yes,No,No,No,No,No,No,No,No,No,No,Yes,No,No,No,No,No,No,No,No,No,No,No,No,No,
13,2024/09/10 3:08:38 PM AST,CMP 128 Computer Science I,No,Yes,No,Yes,No,No,Yes,Yes,No,No,Yes,No,No,No,High Impact,Some Impact,Some Impact,No Impact,Some Impact,No Impact,Some Impact,Some Impact,No Impact,High Impact,Some Impact,High Impact,No Impact,No Impact,Some Impact,No Impact,No,No,No,No,No,No,No,No,Yes,No,No,Yes,No,No,No,No,No,No,No,No,No,No,No,No,Yes,
14,2024/09/10 3:08:43 PM AST,CMP 128 Computer Science I,Yes,No,No,No,No,No,No,No,No,No,No,No,No,Yes,High Impact,High Impact,High Impact,Some Impact,No Impact,No Impact,No Impact,No Impact,No Impact,No Impact,No Impact,No Impact,Some Impact,No Impact,No Impact,No Impact,No,No,No,No,No,No,No,No,No,No,No,No,No,No,No,No,No,No,No,No,No,No,No,No,No,
15,2024/09/10 3:08:50 PM AST,CMP 128 Computer Science I,No,No,No,No,Yes,No,No,No,No,No,No,No,No,No,High Impact,No Impact,Some Impact,No Impact,No Impact,No Impact,No Impact,High Impact,Some Impact,No Impact,High Impact,Some Impact,No Impact,No Impact,High Impact,High Impact,No,No,No,No,No,No,No,No,No,No,No,No,No,No,No,No,No,No,No,No,No,No,No,No,Yes,
16,2024/09/10 3:09:36 PM AST,CMP 128 Computer Science I,No,No,No,Yes,Yes,Yes,Yes,Yes,No,No,No,No,No,Don't recall,High Impact,High Impact,Some Impact,Some Impact,High Impact,Some Impact,High Impact,High Impact,No Impact,No Impact,No Impact,No Impact,No Impact,No Impact,Some Impact,No Impact,No,No,No,No,No,No,No,No,No,Yes,No,Yes,No,No,No,No,,,,,,,,,,4.0
17,2024/09/10 3:09:48 PM AST,CMP 128 Computer Science I,Yes,No,Yes,No,No,No,No,Yes,No,No,No,No,No,No,High Impact,High Impact,Some Impact,Some Impact,Some Impact,High Impact,Some Impact,Some Impact,Some Impact,Some Impact,Some Impact,No Impact,No Impact,No Impact,Some Impact,No Impact,No,No,No,No,No,No,No,No,No,No,No,No,No,No,No,No,No,No,No,Yes,No,No,No,No,No,
18,2024/09/10 3:11:07 PM AST,CMP 128 Computer Science I,Yes,No,No,No,Yes,No,No,No,No,No,No,No,No,No,No Impact,No Impact,No Impact,Some Impact,No Impact,No Impact,No Impact,No Impact,No Impact,No Impact,No Impact,No Impact,No Impact,No Impact,No Impact,No Impact,No,No,No,No,No,No,No,No,No,No,No,Yes,No,No,No,No,,,,,,,,,,5.0
19,2024/09/10 3:15:10 PM AST,CMP 128 Computer Science I,Yes,No,No,Yes,No,No,No,No,No,Yes,No,No,No,No,High Impact,High Impact,High Impact,Some Impact,Some Impact,Some Impact,High Impact,High Impact,Some Impact,Some Impact,Some Impact,High Impact,High Impact,No Impact,High Impact,No Impact,No,No,Yes,No,No,No,No,No,No,No,No,No,No,No,No,No,No,No,Yes,Yes,Yes,No,No,No,No,
20,2024/09/10 5:17:34 PM AST,CMP 128 Computer Science I,No,No,No,Yes,No,No,No,No,No,No,No,No,No,No,High Impact,High Impact,No Impact,No Impact,High Impact,No Impact,High Impact,No Impact,No Impact,No Impact,No Impact,No Impact,No Impact,No Impact,High Impact,No Impact,No,No,No,No,No,No,No,No,No,No,No,No,No,No,No,No,No,No,No,Yes,No,No,No,No,No,
21,2024/09/10 5:24:45 PM AST,CMP 128 Computer Science I,Don't recall,Don't recall,Don't recall,Yes,No,Don't recall,No,Yes,No,No,No,No,No,Don't recall,Some Impact,High Impact,,,High Impact,,,High Impact,,,,,,High Impact,High Impact,,No,No,Not Sure,No,No,No,No,No,No,No,No,No,No,No,No,No,No,No,No,Don't recall,No,No,No,No,No,
22,2024/09/10 7:17:19 PM AST,CMP 128 Computer Science I,No,No,No,No,No,No,Yes,No,No,No,No,No,No,No,Some Impact,High Impact,High Impact,,,,,,,,,,,,,,No,No,No,No,No,No,No,No,No,No,No,No,No,No,No,No,No,No,No,No,Don't recall,No,No,No,No,
23,2024/09/10 7:17:55 PM AST,CMP 128 Computer Science I,Yes,Yes,Yes,Yes,Yes,No,Yes,Yes,No,No,No,Yes,No,No,High Impact,High Impact,Some Impact,Some Impact,High Impact,No Impact,High Impact,No Impact,No Impact,Some Impact,Some Impact,High Impact,No Impact,No Impact,,No Impact,Yes,No,Yes,No,No,No,No,No,No,No,No,No,No,No,No,No,No,Yes,Yes,Yes,Yes,No,No,No,No,
24,2024/09/10 7:18:04 PM AST,CMP 128 Computer Science I,No,No,No,No,No,No,No,Yes,No,No,No,No,No,No,No Impact,No Impact,No Impact,No Impact,No Impact,No Impact,No Impact,No Impact,No Impact,No Impact,No Impact,No Impact,No Impact,No Impact,High Impact,High Impact,No,No,Yes,No,No,No,No,No,No,No,No,No,No,No,No,No,,,,,,,,,,2.0
25,2024/09/10 7:18:59 PM AST,CMP 128 Computer Science I,Yes,No,No,Yes,No,No,No,No,No,No,No,No,No,No,High Impact,High Impact,High Impact,High Impact,High Impact,No Impact,Some Impact,High Impact,No Impact,High Impact,No Impact,High Impact,High Impact,No Impact,High Impact,No Impact,No,No,No,No,No,No,No,No,No,No,No,No,No,No,No,No,,,,,,,,,,3.0
26,2024/09/10 7:20:01 PM AST,CMP 128 Computer Science I,No,No,No,No,No,No,No,No,No,No,No,No,No,Yes,High Impact,High Impact,Some Impact,No Impact,No Impact,No Impact,Some Impact,No Impact,No Impact,No Impact,No Impact,No Impact,Some Impact,No Impact,High Impact,No Impact,No,No,No,No,No,No,No,No,No,No,No,No,No,No,No,Yes,No,No,No,No,No,No,No,No,No,
27,2024/09/10 7:20:25 PM AST,CMP 128 Computer Science I,Yes,No,No,Yes,Yes,No,Yes,Yes,No,No,No,No,No,No,Some Impact,High Impact,High Impact,Some Impact,Some Impact,High Impact,Some Impact,High Impact,Some Impact,High Impact,Some Impact,No Impact,No Impact,No Impact,High Impact,No Impact,No,No,No,No,No,No,No,No,No,No,No,No,No,No,No,No,,,,,,,,,,4.0
28,2024/09/10 7:20:36 PM AST,CMP 128 Computer Science I,No,Yes,No,Yes,Yes,Yes,No,No,No,No,No,No,No,No,Some Impact,High Impact,High Impact,High Impact,Some Impact,Some Impact,High Impact,High Impact,High Impact,No Impact,High Impact,No Impact,No Impact,Some Impact,High Impact,,No,No,Yes,No,No,No,No,No,No,No,No,No,No,No,No,No,No,No,Yes,Yes,Yes,No,No,No,No,
29,2024/09/10 7:24:54 PM AST,CMP 128 Computer Science I,Yes,No,Yes,Yes,Yes,No,Yes,Yes,No,No,No,No,No,Don't recall,Some Impact,High Impact,Some Impact,Some Impact,No Impact,No Impact,No Impact,No Impact,Some Impact,No Impact,Some Impact,High Impact,Some Impact,No Impact,High Impact,No Impact,No,No,No,Yes,No,No,No,No,Not Sure,No,No,No,No,No,No,No,Yes,Yes,Yes,Yes,Yes,No,No,No,No,
30,2024/09/10 7:37:14 PM AST,CMP 120 Foundations of Information Security,No,No,No,Yes,No,Yes,Yes,Yes,No,No,No,No,No,No,Some Impact,Some Impact,No Impact,No Impact,High Impact,No Impact,Some Impact,No Impact,No Impact,No Impact,No Impact,No Impact,No Impact,No Impact,High Impact,No Impact,No,Yes,No,No,No,No,No,No,No,Yes,No,No,No,No,No,No,No,No,No,No,No,No,No,No,No,
31,2024/09/10 7:38:34 PM AST,CMP 120 Foundations of Information Security,No,No,No,Yes,Yes,Yes,Yes,Yes,No,No,No,No,No,No,High Impact,High Impact,Some Impact,Some Impact,Some Impact,,Some Impact,High Impact,High Impact,Some Impact,No Impact,No Impact,No Impact,,High Impact,Some Impact,No,No,No,No,No,No,No,No,No,No,No,No,No,No,No,No,Yes,Yes,No,No,No,No,No,No,No,
32,2024/09/10 7:38:39 PM AST,CMP 120 Foundations of Information Security,No,No,No,No,Yes,Don't recall,Yes,Yes,No,No,No,No,No,No,High Impact,No Impact,No Impact,No Impact,No Impact,No Impact,High Impact,High Impact,No Impact,Some Impact,,,,,High Impact,,No,No,No,No,No,No,No,No,No,No,No,No,No,No,No,No,No,No,No,No,No,No,No,No,No,
33,2024/09/10 7:38:52 PM AST,CMP 120 Foundations of Information Security,Yes,Yes,No,Yes,Yes,Yes,Yes,No,No,Yes,Yes,No,No,No,High Impact,High Impact,High Impact,High Impact,No Impact,No Impact,High Impact,Some Impact,Some Impact,High Impact,,,,,High Impact,,No,No,No,No,No,No,No,No,No,No,No,No,No,No,No,No,No,No,Yes,No,No,No,No,No,No,
34,2024/09/10 7:39:17 PM AST,CMP 120 Foundations of Information Security,No,No,No,Yes,No,No,No,No,No,No,No,No,No,No,High Impact,High Impact,High Impact,No Impact,No Impact,No Impact,High Impact,No Impact,No Impact,No Impact,No Impact,No Impact,No Impact,No Impact,High Impact,No Impact,No,No,Yes,Yes,No,No,No,No,No,No,No,Yes,No,No,No,No,No,No,Yes,Yes,No,No,No,No,No,
35,2024/09/10 7:39:31 PM AST,CMP 120 Foundations of Information Security,Yes,No,No,Yes,No,Yes,No,Yes,No,No,Yes,No,No,Don't recall,High Impact,High Impact,Some Impact,,No Impact,Some Impact,High Impact,,High Impact,High Impact,No Impact,High Impact,No Impact,,High Impact,,No,Yes,No,No,No,No,No,No,No,Yes,Yes,No,Not Sure,No,No,No,No,No,Yes,No,No,No,No,No,Yes,
36,2024/09/10 7:39:31 PM AST,CMP 120 Foundations of Information Security,No,No,No,No,No,No,Yes,Yes,No,No,No,No,No,No,High Impact,High Impact,Some Impact,Some Impact,Some Impact,Some Impact,Some Impact,Some Impact,Some Impact,No Impact,No Impact,No Impact,No Impact,No Impact,High Impact,No Impact,No,No,No,No,No,No,No,No,No,No,No,No,No,No,No,No,Yes,Yes,Yes,No,No,No,No,No,No,
37,2024/09/10 7:39:36 PM AST,CMP 120 Foundations of Information Security,No,No,No,No,No,Yes,No,No,No,No,No,No,No,Yes,High Impact,High Impact,High Impact,Some Impact,Some Impact,High Impact,High Impact,High Impact,High Impact,Some Impact,No Impact,No Impact,No Impact,No Impact,High Impact,No Impact,Yes,No,No,Yes,No,No,No,No,No,No,No,Yes,No,No,No,No,Don't recall,Don't recall,Yes,Yes,No,No,No,No,No,
38,2024/09/10 7:40:10 PM AST,CMP 128 Computer Science I,No,No,No,Yes,No,No,No,Yes,No,No,No,No,No,No,High Impact,Some Impact,Some Impact,No Impact,No Impact,No Impact,Some Impact,Some Impact,Some Impact,Some Impact,Some Impact,No Impact,No Impact,No Impact,High Impact,No Impact,No,Yes,No,No,No,No,No,No,No,No,No,No,No,No,No,No,Don't recall,Don't recall,No,Yes,No,No,No,No,No,
39,2024/09/10 9:30:31 PM AST,CMP 131 Fundamentals of Programming (Python),Don't recall,Don't recall,Don't recall,Yes,Yes,Don't recall,Don't recall,Don't recall,Don't recall,Don't recall,Don't recall,Don't recall,Don't recall,Don't recall,Some Impact,High Impact,No Impact,No Impact,No Impact,No Impact,No Impact,High Impact,No Impact,No Impact,No Impact,No Impact,No Impact,No Impact,No Impact,No Impact,No,No,No,No,No,No,No,No,No,No,No,No,No,No,No,No,No,No,No,Yes,Yes,No,No,No,Don't recall,
40,2024/09/11 9:23:56 AM AST,CMP 131 Fundamentals of Programming (Python),Yes,No,No,Yes,Yes,No,No,No,No,No,No,No,No,No,High Impact,High Impact,High Impact,High Impact,,,High Impact,High Impact,High Impact,No Impact,Some Impact,,,,High Impact,High Impact,No,No,No,No,No,No,No,No,No,No,No,No,No,No,No,No,No,No,Yes,Yes,No,No,No,No,No,
41,2024/09/11 2:03:49 PM AST,CMP 130 Intro to IT,No,No,No,Yes,Yes,No,No,No,No,No,No,No,No,No,High Impact,High Impact,Some Impact,Some Impact,High Impact,No Impact,Some Impact,Some Impact,No Impact,No Impact,No Impact,High Impact,No Impact,No Impact,High Impact,No Impact,No,No,No,No,No,No,No,No,No,No,No,No,No,No,No,No,No,No,No,No,No,No,No,No,No,
42,2024/09/11 2:07:35 PM AST,CMP 128 Computer Science I,No,No,No,No,No,No,No,No,No,No,No,No,No,Yes,No Impact,No Impact,No Impact,No Impact,No Impact,No Impact,No Impact,No Impact,No Impact,No Impact,No Impact,No Impact,No Impact,No Impact,No Impact,No Impact,Yes,No,Not Sure,No,Yes,No,Not Sure,No,Yes,No,Not Sure,No,No,No,No,No,,,,,,,,,,5.0
43,2024/09/11 2:08:02 PM AST,CMP 128 Computer Science I,No,No,No,Yes,Yes,Yes,No,No,No,No,No,No,No,No,,,,,,,,,,,,,,,,High Impact,No,No,No,No,No,No,No,No,No,No,No,No,No,No,No,No,No,No,No,No,No,No,No,No,No,
44,2024/09/11 2:08:24 PM AST,CMP 128 Computer Science I,No,No,No,No,No,No,Yes,Yes,No,No,No,No,No,No,No Impact,High Impact,No Impact,No Impact,No Impact,No Impact,No Impact,No Impact,High Impact,No Impact,No Impact,No Impact,No Impact,No Impact,No Impact,High Impact,No,No,No,No,No,No,No,No,Yes,No,No,No,No,No,No,No,,,,,,,,,,4.0
45,2024/09/11 2:08:25 PM AST,CMP 128 Computer Science I,Yes,No,No,No,No,No,Yes,No,No,No,No,No,No,No,High Impact,No Impact,High Impact,No Impact,No Impact,No Impact,No Impact,No Impact,No Impact,No Impact,No Impact,No Impact,No Impact,No Impact,No Impact,High Impact,No,No,No,No,No,No,No,No,No,No,No,No,No,No,No,No,No,No,No,No,No,No,No,No,No,
46,2024/09/11 2:08:51 PM AST,CMP 128 Computer Science I,No,No,No,Yes,No,No,No,No,No,No,No,No,No,No,,,High Impact,,,,Some Impact,,,,,,,High Impact,High Impact,High Impact,No,No,No,No,No,No,No,No,No,No,No,No,No,No,No,No,No,No,No,No,No,No,No,No,No,
47,2024/09/11 2:08:53 PM AST,CMP 128 Computer Science I,Yes,No,No,Yes,Yes,No,Yes,Yes,No,No,No,No,No,No,No Impact,No Impact,No Impact,No Impact,No Impact,No Impact,No Impact,No Impact,No Impact,No Impact,No Impact,No Impact,No Impact,No Impact,No Impact,No Impact,No,No,No,No,No,No,Yes,Yes,Yes,No,No,No,No,No,No,No,Yes,Yes,Yes,Yes,Yes,Yes,Yes,Yes,No,
48,2024/09/11 2:08:59 PM AST,CMP 128 Computer Science I,No,No,No,Yes,Yes,Yes,Yes,No,No,No,No,No,No,No,No Impact,High Impact,High Impact,No Impact,Some Impact,Some Impact,No Impact,No Impact,No Impact,No Impact,Some Impact,No Impact,No Impact,No Impact,High Impact,High Impact,No,No,No,No,No,No,Yes,Yes,No,No,No,No,No,No,No,No,No,Yes,No,No,No,No,No,No,Yes,
49,2024/09/11 2:09:08 PM AST,,No,No,No,No,No,No,No,Yes,No,No,No,No,No,Yes,No Impact,No Impact,Some Impact,No Impact,No Impact,No Impact,No Impact,No Impact,High Impact,No Impact,No Impact,No Impact,No Impact,No Impact,No Impact,High Impact,No,No,No,No,No,No,Yes,No,No,No,No,No,No,No,No,No,Yes,No,No,No,No,No,No,No,No,
50,2024/09/11 2:09:21 PM AST,CMP 128 Computer Science I,No,No,No,No,No,No,Yes,No,No,No,No,No,No,Yes,No Impact,No Impact,Some Impact,No Impact,No Impact,No Impact,No Impact,No Impact,Some Impact,No Impact,No Impact,No Impact,No Impact,No Impact,No Impact,No Impact,Not Sure,Not Sure,Not Sure,Not Sure,Not Sure,Not Sure,Yes,Yes,Not Sure,Not Sure,Not Sure,Not Sure,Not Sure,Not Sure,Yes,Not Sure,No,No,No,No,No,No,No,No,No,
51,2024/09/11 2:09:34 PM AST,CMP 128 Computer Science I,Yes,No,No,Yes,Yes,No,Yes,Yes,No,No,No,No,No,Don't recall,Some Impact,High Impact,High Impact,Some Impact,No Impact,,Some Impact,Some Impact,Some Impact,High Impact,,,,,High Impact,High Impact,No,No,No,No,No,No,No,No,Yes,No,No,No,No,No,No,No,Yes,Yes,No,No,No,No,No,Yes,Don't recall,
52,2024/09/11 2:09:49 PM AST,CMP 128 Computer Science I,No,No,No,Yes,No,No,No,No,No,No,No,No,No,No,,No Impact,No Impact,No Impact,No Impact,No Impact,No Impact,,High Impact,No Impact,No Impact,No Impact,No Impact,No Impact,Some Impact,High Impact,No,No,No,No,No,No,Yes,No,No,No,No,No,No,No,No,No,No,No,No,No,Yes,Yes,Yes,No,No,
53,2024/09/11 2:10:07 PM AST,CMP 128 Computer Science I,No,No,No,No,No,No,Yes,Yes,No,No,No,No,No,No,No Impact,Some Impact,High Impact,No Impact,No Impact,No Impact,No Impact,No Impact,High Impact,No Impact,No Impact,,,,,High Impact,No,No,No,No,No,No,Yes,No,Yes,Yes,No,No,No,No,No,No,Yes,Yes,No,No,No,No,No,No,No,
54,2024/09/11 2:10:12 PM AST,CMP 128 Computer Science I,No,No,No,Yes,No,No,No,Yes,No,No,No,No,No,Yes,No Impact,No Impact,No Impact,No Impact,No Impact,No Impact,Some Impact,No Impact,Some Impact,No Impact,No Impact,No Impact,No Impact,No Impact,Some Impact,High Impact,No,No,No,No,No,No,No,No,No,No,No,No,No,No,No,No,Don't recall,Don't recall,Don't recall,Don't recall,Don't recall,Don't recall,Don't recall,Don't recall,Don't recall,
55,2024/09/11 2:10:13 PM AST,CMP 128 Computer Science I,No,No,No,No,No,No,No,Yes,No,No,No,No,No,No,No Impact,No Impact,No Impact,No Impact,No Impact,No Impact,Some Impact,No Impact,High Impact,No Impact,No Impact,Some Impact,No Impact,No Impact,Some Impact,High Impact,No,No,No,No,No,No,Yes,No,No,No,No,No,No,No,No,No,Yes,No,No,No,No,No,No,No,No,
56,2024/09/11 2:10:39 PM AST,CMP 128 Computer Science I,No,No,No,Yes,Yes,No,No,No,No,No,No,No,No,No,No Impact,No Impact,High Impact,No Impact,High Impact,No Impact,No Impact,No Impact,No Impact,No Impact,No Impact,No Impact,No Impact,No Impact,High Impact,High Impact,No,No,No,No,No,No,Yes,No,No,No,No,No,No,No,No,No,Yes,Yes,No,No,No,No,No,No,No,
57,2024/09/11 2:11:50 PM AST,CMP 128 Computer Science I,No,No,No,No,No,No,Yes,Yes,No,No,No,No,No,Yes,No Impact,No Impact,High Impact,No Impact,No Impact,No Impact,No Impact,No Impact,High Impact,No Impact,No Impact,No Impact,No Impact,No Impact,High Impact,High Impact,No,No,No,No,No,No,Yes,No,No,No,No,No,No,No,No,No,Yes,Yes,No,No,No,No,No,No,No,
58,2024/09/11 2:13:37 PM AST,CMP 128 Computer Science I,Yes,No,No,Yes,No,No,Yes,Yes,No,No,No,Yes,No,No,Some Impact,High Impact,High Impact,Some Impact,Some Impact,Some Impact,Some Impact,Some Impact,High Impact,Some Impact,Some Impact,Some Impact,Some Impact,High Impact,Some Impact,Some Impact,Yes,No,Yes,No,No,No,No,No,Yes,No,No,No,No,No,No,No,Yes,Yes,No,No,No,No,No,No,No,
59,2024/09/11 2:17:55 PM AST,CMP 128 Computer Science I,No,No,No,Yes,Yes,Yes,No,No,No,No,No,No,No,No,High Impact,High Impact,High Impact,No Impact,High Impact,No Impact,No Impact,No Impact,No Impact,No Impact,No Impact,High Impact,No Impact,No Impact,High Impact,No Impact,No,No,No,No,No,No,No,No,No,No,No,No,No,No,No,No,No,No,No,No,No,No,No,No,No,
60,2024/09/11 2:18:07 PM AST,CMP 128 Computer Science I,Yes,Yes,No,No,No,No,Yes,Yes,No,No,No,No,No,No,Some Impact,High Impact,High Impact,,,,Some Impact,,,Some Impact,,,,,,High Impact,No,No,No,No,No,No,No,Yes,No,No,No,No,No,No,No,No,No,No,No,No,No,No,No,No,No,
61,2024/09/11 2:18:23 PM AST,CMP 128 Computer Science I,No,No,No,Yes,Yes,No,Yes,Yes,No,No,No,No,No,No,High Impact,High Impact,,,,,,,,,,,,,,,No,No,No,Not Sure,Not Sure,Not Sure,Not Sure,Not Sure,Not Sure,Not Sure,Not Sure,Not Sure,Not Sure,Not Sure,Not Sure,Not Sure,No,No,Yes,Yes,No,No,No,No,No,
62,2024/09/11 2:18:33 PM AST,CMP 128 Computer Science I,No,No,No,No,No,No,No,No,No,No,No,No,No,Yes,Some Impact,No Impact,High Impact,No Impact,Some Impact,No Impact,No Impact,No Impact,No Impact,No Impact,No Impact,No Impact,No Impact,No Impact,High Impact,No Impact,No,No,No,No,No,No,No,No,No,No,No,No,No,No,No,No,No,No,No,No,No,No,No,No,No,
63,2024/09/11 2:18:39 PM AST,CMP 128 Computer Science I,Yes,Don't recall,No,No,Yes,No,No,No,No,No,No,No,No,No,High Impact,High Impact,High Impact,High Impact,High Impact,Some Impact,No Impact,No Impact,No Impact,Some Impact,Some Impact,No Impact,No Impact,No Impact,High Impact,No Impact,No,No,Yes,No,No,No,No,No,No,No,No,No,No,No,No,No,,,,,,,,,,4.0
64,2024/09/11 2:19:20 PM AST,CMP 128 Computer Science I,No,No,No,Yes,No,No,No,No,No,No,No,No,No,No,High Impact,High Impact,High Impact,,,,,High Impact,,,,,,,High Impact,,No,No,No,No,No,No,No,No,No,No,No,No,No,No,No,No,,,,,,,,,,2.0
65,2024/09/11 2:19:35 PM AST,CMP 128 Computer Science I,No,No,Yes,No,No,No,Yes,Yes,No,No,No,No,No,No,High Impact,No Impact,High Impact,No Impact,No Impact,High Impact,High Impact,High Impact,High Impact,High Impact,No Impact,High Impact,No Impact,No Impact,High Impact,High Impact,No,No,No,No,No,No,No,No,No,No,Yes,No,No,No,No,No,,,,,,,,,,3.0
66,2024/09/11 2:19:39 PM AST,CMP 128 Computer Science I,No,No,No,Yes,No,No,No,No,No,No,No,No,No,No,High Impact,High Impact,High Impact,Some Impact,High Impact,No Impact,High Impact,High Impact,High Impact,No Impact,No Impact,High Impact,No Impact,No Impact,High Impact,High Impact,Yes,No,Yes,No,No,No,No,No,No,No,No,No,No,No,No,No,No,No,No,Yes,Don't recall,Don't recall,Don't recall,Don't recall,Don't recall,
67,2024/09/11 2:19:57 PM AST,CMP 128 Computer Science I,No,No,No,Yes,Yes,No,Yes,No,No,No,No,No,No,No,Some Impact,Some Impact,Some Impact,No Impact,High Impact,No Impact,Some Impact,No Impact,No Impact,No Impact,No Impact,No Impact,No Impact,No Impact,High Impact,No Impact,No,No,No,No,No,No,No,No,No,No,No,No,No,No,No,No,No,No,No,No,No,No,No,No,Yes,
68,2024/09/11 2:20:20 PM AST,CMP 128 Computer Science I,Yes,No,No,Yes,Don't recall,No,Yes,Yes,No,No,No,No,No,No,Some Impact,Some Impact,High Impact,No Impact,Some Impact,Some Impact,High Impact,High Impact,High Impact,No Impact,Some Impact,Some Impact,No Impact,No Impact,High Impact,No Impact,Not Sure,No,No,Yes,No,Yes,No,No,No,Yes,No,Yes,No,No,No,No,Yes,No,Yes,Don't recall,Don't recall,No,No,No,No,
69,2024/09/11 2:20:23 PM AST,CMP 128 Computer Science I,Yes,No,No,Yes,No,No,Yes,Yes,No,Yes,No,No,No,No,High Impact,High Impact,High Impact,Some Impact,High Impact,High Impact,High Impact,High Impact,,,,High Impact,,,High Impact,High Impact,No,No,Yes,No,No,No,No,No,No,No,No,No,No,No,No,No,No,No,Yes,Yes,Yes,Don't recall,Don't recall,No,No,
70,2024/09/11 2:20:59 PM AST,CMP 128 Computer Science I,No,No,Yes,Yes,Yes,No,Yes,Yes,No,No,No,No,No,No,High Impact,High Impact,Some Impact,No Impact,Some Impact,No Impact,No Impact,High Impact,Some Impact,No Impact,No Impact,No Impact,No Impact,No Impact,High Impact,No Impact,Yes,No,No,No,No,No,No,No,No,No,No,No,No,No,No,No,,,,,,,,,,2.0
71,2024/09/11 2:21:01 PM AST,CMP 128 Computer Science I,Yes,No,Yes,Yes,No,No,No,Yes,Yes,No,No,No,No,No,Some Impact,High Impact,Some Impact,No Impact,High Impact,High Impact,High Impact,High Impact,High Impact,No Impact,Some Impact,No Impact,No Impact,No Impact,High Impact,No Impact,Yes,No,No,Yes,No,No,No,No,No,Yes,No,Yes,No,No,No,No,Yes,No,Yes,Yes,Yes,No,No,No,Don't recall,
72,2024/09/11 2:21:39 PM AST,CMP 128 Computer Science I,No,No,No,No,Yes,No,Yes,Yes,No,No,No,No,No,No,,Some Impact,Some Impact,Some Impact,No Impact,No Impact,Some Impact,,Some Impact,No Impact,No Impact,No Impact,No Impact,No Impact,High Impact,No Impact,No,No,No,No,No,No,No,No,No,No,No,No,No,No,No,No,No,Yes,No,No,No,No,No,No,No,
73,2024/09/11 2:24:14 PM AST,CMP 128 Computer Science I,No,No,No,Yes,No,No,No,No,No,No,No,No,No,No,High Impact,High Impact,No Impact,No Impact,No Impact,No Impact,No Impact,No Impact,No Impact,No Impact,No Impact,No Impact,High Impact,No Impact,Some Impact,No Impact,Yes,No,Not Sure,Not Sure,No,No,No,No,No,No,No,No,No,No,No,No,No,No,No,Don't recall,Don't recall,No,No,No,Don't recall,
74,2024/09/11 4:09:16 PM AST,CMP 128 Computer Science I,Yes,Yes,Yes,Yes,Yes,Don't recall,Don't recall,Yes,Don't recall,Don't recall,Don't recall,No,No,No,Some Impact,Some Impact,Some Impact,Some Impact,,Some Impact,Some Impact,Some Impact,Some Impact,No Impact,Some Impact,,,Some Impact,High Impact,,No,No,Yes,No,No,No,No,No,No,No,No,No,No,No,No,No,Don't recall,Don't recall,Yes,Don't recall,Don't recall,No,Don't recall,Don't recall,No,
75,2024/09/11 4:59:16 PM AST,CMP 131 Fundamentals of Programming (Python),No,No,No,No,No,No,No,No,No,No,No,No,No,Yes,Some Impact,Some Impact,High Impact,Some Impact,No Impact,Some Impact,Some Impact,No Impact,No Impact,No Impact,No Impact,No Impact,No Impact,No Impact,No Impact,No Impact,No,No,No,No,No,No,No,No,No,No,No,No,Yes,No,No,No,,,,,,,,,,4.0
76,2024/09/11 6:42:01 PM AST,CMP 131 Fundamentals of Programming (Python),Don't recall,Don't recall,Don't recall,Don't recall,Don't recall,Don't recall,Don't recall,Yes,Don't recall,Don't recall,Don't recall,Don't recall,Don't recall,Don't recall,Some Impact,Some Impact,Some Impact,Some Impact,Some Impact,Some Impact,Some Impact,,,,,,,,Some Impact,,No,No,No,No,No,No,No,No,No,No,No,No,No,No,No,No,,,,,,,,,,5.0
77,2024/09/12 10:38:36 AM AST,CMP 128 Computer Science I,Yes,No,No,No,No,No,No,No,No,No,No,No,No,No,No Impact,No Impact,No Impact,Some Impact,High Impact,High Impact,High Impact,High Impact,High Impact,High Impact,High Impact,High Impact,High Impact,High Impact,High Impact,High Impact,No,No,Yes,Yes,No,No,No,No,No,No,No,No,No,No,No,No,No,No,No,No,No,No,No,No,No,
78,2024/09/12 10:38:38 AM AST,CMP 128 Computer Science I,No,No,No,No,No,No,No,No,No,No,No,No,No,Yes,High Impact,Some Impact,No Impact,No Impact,No Impact,No Impact,Some Impact,No Impact,No Impact,No Impact,No Impact,No Impact,No Impact,No Impact,High Impact,No Impact,Yes,No,No,No,No,No,No,No,No,No,No,No,No,No,No,No,,,,,,,,,,3.0
79,2024/09/12 10:38:40 AM AST,CMP 128 Computer Science I,Yes,No,No,Yes,No,Yes,No,No,No,No,No,No,No,No,High Impact,High Impact,High Impact,High Impact,No Impact,No Impact,No Impact,High Impact,High Impact,Some Impact,High Impact,No Impact,No Impact,No Impact,High Impact,No Impact,No,No,No,No,No,No,No,No,No,No,No,No,No,No,No,No,Don't recall,Don't recall,Don't recall,Don't recall,Don't recall,Don't recall,Don't recall,Don't recall,Don't recall,
80,2024/09/12 10:39:06 AM AST,CMP 128 Computer Science I,Yes,No,No,No,No,No,No,No,No,No,No,No,No,Yes,No Impact,No Impact,No Impact,No Impact,No Impact,No Impact,No Impact,Some Impact,Some Impact,No Impact,No Impact,No Impact,,,No Impact,,Not Sure,Not Sure,Not Sure,Not Sure,Not Sure,Not Sure,Not Sure,Not Sure,Not Sure,Not Sure,Not Sure,Not Sure,Yes,Not Sure,Not Sure,Not Sure,No,No,Yes,No,Yes,Yes,Yes,Yes,Yes,
81,2024/09/12 10:39:09 AM AST,CMP 128 Computer Science I,No,No,No,Yes,No,No,No,Yes,No,No,No,No,No,No,High Impact,Some Impact,Some Impact,No Impact,No Impact,No Impact,Some Impact,High Impact,High Impact,No Impact,No Impact,No Impact,No Impact,No Impact,No Impact,No Impact,Yes,No,No,No,No,No,No,No,No,No,No,Yes,No,No,No,No,No,No,No,No,Yes,No,No,No,No,
82,2024/09/12 10:39:12 AM AST,CMP 128 Computer Science I,Don't recall,Don't recall,Don't recall,Don't recall,Don't recall,Don't recall,Yes,Yes,Don't recall,Don't recall,Don't recall,Don't recall,Don't recall,Don't recall,,,,,,,,,,,,,,,,High Impact,Not Sure,Not Sure,Not Sure,Not Sure,Not Sure,Not Sure,Not Sure,Not Sure,Not Sure,Not Sure,Not Sure,Not Sure,Not Sure,Not Sure,Not Sure,Not Sure,,,,,,,,,,5.0
83,2024/09/12 10:39:14 AM AST,CMP 128 Computer Science I,No,No,Yes,Yes,No,Yes,No,No,No,No,Yes,No,No,Don't recall,High Impact,High Impact,No Impact,No Impact,No Impact,No Impact,Some Impact,High Impact,No Impact,Some Impact,No Impact,No Impact,No Impact,No Impact,Some Impact,No Impact,Yes,No,No,No,No,No,No,No,No,No,No,No,No,No,Yes,No,No,No,Yes,No,No,No,No,No,No,
84,2024/09/12 10:39:45 AM AST,CMP 128 Computer Science I,Yes,No,No,No,No,No,Yes,Yes,Yes,No,No,No,No,No,High Impact,High Impact,Some Impact,No Impact,No Impact,No Impact,No Impact,Some Impact,No Impact,No Impact,No Impact,No Impact,No Impact,No Impact,High Impact,No Impact,No,No,No,No,No,No,No,No,No,No,No,No,No,No,No,No,,,,,,,,,,3.0
85,2024/09/12 10:40:58 AM AST,CMP 128 Computer Science I,No,No,No,Yes,Yes,Yes,Yes,No,No,No,No,No,No,No,High Impact,No Impact,High Impact,No Impact,No Impact,No Impact,High Impact,Some Impact,No Impact,No Impact,No Impact,No Impact,No Impact,No Impact,High Impact,No Impact,Yes,No,No,No,No,No,No,No,No,No,No,Yes,No,No,No,No,No,No,No,No,No,No,No,No,No,
86,2024/09/12 10:41:41 AM AST,CMP 128 Computer Science I,No,No,No,Yes,No,No,No,Yes,No,No,No,No,No,No,High Impact,Some Impact,No Impact,No Impact,Some Impact,No Impact,No Impact,No Impact,No Impact,No Impact,No Impact,No Impact,No Impact,No Impact,No Impact,No Impact,Yes,No,No,Yes,No,No,No,No,No,No,No,No,No,No,No,No,No,No,No,No,No,No,No,No,No,
87,2024/09/12 10:41:58 AM AST,CMP 128 Computer Science I,Yes,Yes,Yes,No,Yes,No,No,No,No,No,No,No,No,Yes,High Impact,High Impact,Some Impact,No Impact,No Impact,No Impact,No Impact,High Impact,High Impact,High Impact,No Impact,,,,High Impact,High Impact,No,No,No,No,No,No,No,No,No,Yes,Yes,No,No,No,No,No,No,No,No,No,No,No,No,No,Yes,
88,2024/09/12 10:42:36 AM AST,CMP 128 Computer Science I,No,No,No,Yes,Yes,No,Yes,Yes,No,No,No,No,No,No,High Impact,High Impact,Some Impact,Some Impact,High Impact,Some Impact,High Impact,Some Impact,Some Impact,Some Impact,Some Impact,High Impact,,,High Impact,,No,No,No,No,No,No,No,No,No,No,No,Yes,No,No,No,No,,,,,,,,,,4.0
89,2024/09/12 10:43:34 AM AST,CMP 128 Computer Science I,Yes,No,Yes,Yes,No,Yes,No,Yes,No,No,No,No,No,No,Some Impact,High Impact,Some Impact,No Impact,High Impact,No Impact,No Impact,High Impact,No Impact,Some Impact,No Impact,No Impact,No Impact,No Impact,No Impact,No Impact,No,No,No,No,No,No,No,No,No,Yes,No,Yes,No,No,No,No,,,,,,,,,,1.0
90,2024/09/12 11:28:27 AM AST,CMP 120 Foundations of Information Security,No,No,No,Yes,No,No,Yes,No,No,No,No,No,No,No,High Impact,High Impact,High Impact,High Impact,High Impact,Some Impact,No Impact,No Impact,No Impact,No Impact,No Impact,No Impact,No Impact,No Impact,Some Impact,No Impact,No,No,Yes,No,No,No,No,No,No,No,No,No,No,No,No,No,No,No,No,No,No,No,No,No,Yes,
91,2024/09/12 11:28:58 AM AST,CMP 120 Foundations of Information Security,No,No,No,Yes,No,No,No,No,No,No,No,No,No,No,Some Impact,High Impact,High Impact,Some Impact,Some Impact,No Impact,Some Impact,No Impact,Some Impact,High Impact,Some Impact,High Impact,High Impact,No Impact,High Impact,No Impact,No,No,No,No,No,No,No,No,No,No,No,No,No,No,No,No,,,,,,,,,,4.0
92,2024/09/12 11:29:09 AM AST,CMP 120 Foundations of Information Security,Yes,Yes,Yes,Yes,No,No,Yes,Yes,No,No,No,No,No,No,High Impact,High Impact,Some Impact,Some Impact,Some Impact,Some Impact,Some Impact,Some Impact,Some Impact,Some Impact,No Impact,No Impact,No Impact,No Impact,High Impact,No Impact,Yes,No,Yes,No,No,No,Yes,No,No,Yes,No,Yes,No,No,No,No,No,No,No,No,No,No,No,No,No,
93,2024/09/12 11:29:33 AM AST,CMP 130 Intro to IT,No,No,No,No,No,No,No,Yes,No,No,No,No,No,No,High Impact,High Impact,High Impact,No Impact,No Impact,No Impact,Some Impact,High Impact,No Impact,No Impact,No Impact,No Impact,No Impact,No Impact,No Impact,No Impact,No,No,No,No,No,No,No,No,No,No,No,No,No,No,No,No,Yes,Yes,No,No,No,No,No,No,No,
94,2024/09/12 11:29:50 AM AST,CMP 120 Foundations of Information Security,No,No,No,Yes,Yes,No,Yes,Yes,No,No,No,No,No,No,High Impact,High Impact,High Impact,High Impact,Some Impact,Some Impact,High Impact,Some Impact,No Impact,Some Impact,Some Impact,High Impact,No Impact,No Impact,High Impact,No Impact,Yes,No,No,No,No,Yes,No,No,Yes,No,No,Yes,No,No,No,No,Yes,Yes,Yes,Yes,Yes,No,Don't recall,No,Don't recall,
95,2024/09/12 11:30:23 AM AST,CMP 120 Foundations of Information Security,Yes,Yes,No,Yes,Yes,Yes,No,Yes,No,No,No,No,No,No,High Impact,No Impact,High Impact,Some Impact,High Impact,Some Impact,High Impact,No Impact,High Impact,High Impact,No Impact,No Impact,No Impact,No Impact,High Impact,No Impact,Yes,No,Yes,Yes,No,Yes,No,No,No,No,No,No,No,No,No,No,No,Yes,Yes,Yes,No,No,No,No,No,
96,2024/09/12 11:30:59 AM AST,CMP 120 Foundations of Information Security,Yes,No,No,Yes,Yes,No,No,No,No,No,No,No,No,Yes,Some Impact,High Impact,High Impact,Some Impact,Some Impact,Some Impact,Some Impact,Some Impact,Some Impact,High Impact,Some Impact,High Impact,No Impact,No Impact,Some Impact,No Impact,No,No,No,No,No,No,No,No,No,No,No,No,No,No,No,No,No,No,No,No,No,Don't recall,Yes,No,Yes,
97,2024/09/12 11:31:25 AM AST,CMP 120 Foundations of Information Security,Yes,Yes,No,Yes,No,No,No,No,No,No,No,No,No,No,Some Impact,Some Impact,Some Impact,No Impact,Some Impact,No Impact,No Impact,Some Impact,Some Impact,No Impact,No Impact,No Impact,No Impact,No Impact,No Impact,No Impact,Yes,No,No,No,No,No,No,No,No,No,No,No,No,No,No,No,No,No,Yes,Yes,Yes,No,No,No,No,
98,2024/09/12 11:32:36 AM AST,CMP 120 Foundations of Information Security,No,Don't recall,Don't recall,Yes,No,No,No,Yes,Don't recall,No,No,No,No,No,No Impact,High Impact,High Impact,No Impact,Some Impact,No Impact,Some Impact,No Impact,No Impact,Some Impact,Some Impact,,,,High Impact,Some Impact,No,No,No,No,No,No,No,No,No,No,No,No,No,No,No,No,,,,,,,,,,3.0
99,2024/09/12 11:34:40 AM AST,CMP 120 Foundations of Information Security,No,No,No,Yes,No,No,No,No,No,No,No,No,No,No,High Impact,High Impact,No Impact,No Impact,High Impact,No Impact,No Impact,High Impact,,Some Impact,No Impact,No Impact,No Impact,,High Impact,,Not Sure,No,Not Sure,No,No,No,No,No,No,No,No,Not Sure,No,No,No,No,No,No,Don't recall,Don't recall,No,No,No,No,Don't recall,
100,2024/09/12 12:35:40 PM AST,CMP 120 Foundations of Information Security,No,No,Yes,Yes,No,Yes,Yes,Yes,No,No,No,No,No,No,High Impact,High Impact,Some Impact,No Impact,Some Impact,No Impact,Some Impact,High Impact,No Impact,No Impact,No Impact,No Impact,No Impact,No Impact,High Impact,No Impact,No,No,No,No,No,No,No,No,No,Yes,Yes,No,No,No,No,No,No,No,No,No,No,No,No,No,Yes,
101,2024/09/12 2:05:37 PM AST,CMP 131 Fundamentals of Programming (Python),No,Yes,No,Yes,No,Yes,No,No,No,No,Yes,Yes,No,No,High Impact,High Impact,High Impact,High Impact,High Impact,,High Impact,,,Some Impact,,High Impact,,,High Impact,,Yes,No,No,No,No,No,No,No,Yes,No,No,Yes,No,No,No,No,No,No,Yes,Yes,Yes,No,No,No,No,
102,2024/09/12 2:06:08 PM AST,CMP 131 Fundamentals of Programming (Python),No,No,No,Yes,Yes,No,No,No,No,Yes,No,No,No,No,High Impact,High Impact,Some Impact,No Impact,High Impact,No Impact,No Impact,No Impact,No Impact,Some Impact,No Impact,High Impact,Some Impact,No Impact,Some Impact,No Impact,No,No,No,No,No,No,No,No,No,No,No,Yes,No,No,No,No,No,No,Yes,Yes,Yes,No,No,No,No,
103,2024/09/12 2:08:08 PM AST,CMP 131 Fundamentals of Programming (Python),Yes,Yes,No,Yes,No,No,No,No,Yes,No,Yes,Yes,No,No,High Impact,High Impact,High Impact,High Impact,Some Impact,High Impact,High Impact,High Impact,High Impact,High Impact,Some Impact,High Impact,High Impact,Some Impact,High Impact,Some Impact,No,No,No,No,No,No,No,No,No,No,No,No,No,No,No,No,No,No,Yes,Yes,Yes,No,Yes,No,No,
104,2024/09/12 2:08:34 PM AST,CMP 131 Fundamentals of Programming (Python),Yes,No,No,Yes,No,No,No,No,No,No,No,No,No,No,Some Impact,Some Impact,High Impact,High Impact,High Impact,No Impact,High Impact,No Impact,No Impact,No Impact,No Impact,No Impact,No Impact,No Impact,No Impact,No Impact,Yes,Yes,Yes,Yes,Yes,Yes,Yes,Yes,Yes,Yes,Yes,Yes,Yes,Yes,Yes,Yes,No,No,No,No,No,No,Yes,No,No,
105,2024/09/12 2:09:05 PM AST,CMP 131 Fundamentals of Programming (Python),Yes,Yes,No,Yes,Yes,Yes,Yes,Yes,No,No,Yes,No,No,No,High Impact,High Impact,High Impact,High Impact,No Impact,No Impact,High Impact,High Impact,High Impact,High Impact,Some Impact,High Impact,Some Impact,No Impact,High Impact,No Impact,No,No,No,No,No,No,No,No,No,No,No,Yes,No,No,No,No,Yes,Yes,Yes,Yes,Yes,No,No,No,No,
106,2024/09/12 2:10:35 PM AST,CMP 131 Fundamentals of Programming (Python),Yes,Yes,Yes,Yes,Yes,Yes,Yes,Yes,No,No,No,No,No,No,High Impact,High Impact,High Impact,High Impact,High Impact,Some Impact,High Impact,,,,,,,,High Impact,No Impact,No,No,No,No,No,No,No,No,No,No,No,No,No,No,No,No,Yes,Yes,No,No,No,Yes,No,No,No,
107,2024/09/12 2:25:45 PM AST,CMP 128 Computer Science I,No,No,No,Yes,No,No,Yes,Yes,No,No,No,No,No,No,High Impact,High Impact,Some Impact,High Impact,Some Impact,No Impact,Some Impact,Some Impact,Some Impact,No Impact,Some Impact,High Impact,High Impact,No Impact,High Impact,No Impact,Yes,Not Sure,Yes,Not Sure,Not Sure,Not Sure,Not Sure,Not Sure,Not Sure,Not Sure,Not Sure,Yes,Not Sure,Not Sure,Not Sure,Not Sure,No,No,No,No,No,No,No,No,No,
108,2024/09/12 3:53:36 PM AST,CMP 128 Computer Science I,Yes,No,Yes,Yes,No,No,Yes,Yes,Don't recall,Don't recall,Don't recall,Don't recall,Don't recall,Don't recall,High Impact,High Impact,High Impact,,High Impact,,High Impact,,,Some Impact,High Impact,,,,High Impact,,Yes,No,Yes,Not Sure,Not Sure,Not Sure,Not Sure,Not Sure,Not Sure,Yes,Not Sure,Yes,Not Sure,Not Sure,Not Sure,Not Sure,Yes,Yes,Don't recall,Yes,Don't recall,Yes,Don't recall,Don't recall,Don't recall,
109,2024/09/12 5:11:15 PM AST,CMP 128 Computer Science I,Yes,No,No,Yes,Yes,No,Yes,Yes,No,No,No,No,No,No,Some Impact,Some Impact,Some Impact,No Impact,High Impact,No Impact,High Impact,Some Impact,Some Impact,No Impact,No Impact,Some Impact,No Impact,No Impact,High Impact,High Impact,No,No,No,No,No,No,No,Yes,No,Yes,No,No,No,No,No,No,No,No,Yes,Yes,No,No,No,No,No,
110,2024/09/12 6:28:39 PM AST,CMP 128 Computer Science I,Yes,Yes,Yes,Yes,Yes,Yes,Yes,No,No,No,Yes,No,No,No,High Impact,High Impact,Some Impact,Some Impact,High Impact,Some Impact,Some Impact,High Impact,High Impact,High Impact,Some Impact,No Impact,No Impact,No Impact,High Impact,No Impact,No,No,No,No,No,No,No,No,No,No,No,No,No,No,No,No,,,,,,,,,,4.0
111,2024/09/12 8:50:38 PM AST,CMP 128 Computer Science I,No,No,No,Yes,No,No,Yes,Yes,No,No,No,No,No,No,High Impact,High Impact,Some Impact,No Impact,Some Impact,No Impact,No Impact,Some Impact,Some Impact,High Impact,Some Impact,High Impact,,No Impact,High Impact,,Yes,No,No,No,No,No,No,No,No,Yes,No,No,No,No,Yes,No,,,,,,,,,,5.0
112,2024/09/12 9:22:30 PM AST,CMP 239 Internet & Web Page Design,Don't recall,Don't recall,Don't recall,Don't recall,Don't recall,Don't recall,Don't recall,Don't recall,Don't recall,Don't recall,Don't recall,Don't recall,Don't recall,Yes,Some Impact,Some Impact,High Impact,,,,,,,Some Impact,,High Impact,Some Impact,,Some Impact,,No,No,Yes,No,No,No,No,No,Yes,No,No,No,No,No,Yes,No,No,No,No,No,No,No,No,No,No,
113,2024/09/12 9:22:34 PM AST,CMP 239 Internet & Web Page Design,Yes,No,No,Yes,No,No,No,No,No,No,No,No,No,No,Some Impact,Some Impact,Some Impact,Some Impact,Some Impact,Some Impact,Some Impact,Some Impact,Some Impact,Some Impact,Some Impact,Some Impact,Some Impact,Some Impact,Some Impact,Some Impact,No,No,No,No,No,No,No,No,No,No,No,No,No,No,No,No,,,,,,,,,,2.0
114,2024/09/12 9:22:44 PM AST,CMP 239 Internet & Web Page Design,No,No,No,Yes,No,Yes,No,No,No,No,No,No,No,No,Some Impact,No Impact,Some Impact,No Impact,High Impact,No Impact,No Impact,No Impact,No Impact,No Impact,No Impact,No Impact,No Impact,No Impact,High Impact,No Impact,No,No,No,No,No,No,No,No,No,No,No,No,No,No,No,No,,,,,,,,,,1.0
115,2024/09/12 9:23:18 PM AST,CMP 239 Internet & Web Page Design,No,No,No,Yes,Yes,No,No,No,No,No,No,No,No,No,Some Impact,High Impact,No Impact,Some Impact,Some Impact,Some Impact,Some Impact,No Impact,No Impact,High Impact,Some Impact,,,,,,No,No,No,No,No,No,No,No,No,No,No,No,No,No,No,No,,,,,,,,,,4.0
116,2024/09/12 9:23:56 PM AST,CMP 239 Internet & Web Page Design,No,No,No,No,Yes,Yes,No,No,No,No,No,No,No,No,High Impact,High Impact,High Impact,No Impact,High Impact,Some Impact,Some Impact,Some Impact,No Impact,Some Impact,Some Impact,Some Impact,High Impact,Some Impact,High Impact,No Impact,Yes,Yes,Not Sure,Not Sure,Not Sure,Not Sure,Not Sure,Not Sure,Not Sure,Not Sure,Not Sure,Not Sure,Not Sure,Not Sure,Not Sure,Not Sure,,,,,,,,,,4.0
117,2024/09/12 9:24:17 PM AST,CMP 239 Internet & Web Page Design,No,No,No,Yes,No,No,No,No,No,No,No,No,No,No,Some Impact,Some Impact,Some Impact,No Impact,High Impact,No Impact,Some Impact,Some Impact,Some Impact,No Impact,No Impact,,,,Some Impact,No Impact,No,No,No,No,No,No,No,No,No,No,No,No,No,No,No,No,No,No,No,No,No,No,No,No,No,
118,2024/09/12 9:24:28 PM AST,CMP 239 Internet & Web Page Design,Yes,Don't recall,Don't recall,Yes,Yes,Don't recall,Yes,Yes,Don't recall,Don't recall,Don't recall,Don't recall,Don't recall,Don't recall,High Impact,High Impact,High Impact,High Impact,,,High Impact,High Impact,High Impact,,High Impact,High Impact,,,,,Yes,Not Sure,Not Sure,Not Sure,Not Sure,Not Sure,Not Sure,Not Sure,Not Sure,Not Sure,Not Sure,Yes,Not Sure,Not Sure,Not Sure,Not Sure,,,,,,,,,,5.0
119,2024/09/13 8:24:16 AM AST,CMP 120 Foundations of Information Security,No,No,Yes,Yes,Yes,No,No,Yes,No,No,No,No,No,No,Some Impact,No Impact,High Impact,Some Impact,High Impact,Some Impact,High Impact,No Impact,High Impact,No Impact,Some Impact,High Impact,,,High Impact,High Impact,Yes,Not Sure,Not Sure,Not Sure,Not Sure,Yes,Yes,Not Sure,No,Yes,Yes,No,No,No,No,No,Yes,Don't recall,Don't recall,Don't recall,Don't recall,Don't recall,Don't recall,Don't recall,Don't recall,
120,2024/09/13 8:24:30 AM AST,CMP 120 Foundations of Information Security,No,No,No,No,No,No,No,Yes,No,No,No,No,No,No,No Impact,No Impact,High Impact,No Impact,Some Impact,No Impact,No Impact,No Impact,Some Impact,Some Impact,Some Impact,No Impact,No Impact,No Impact,High Impact,High Impact,Yes,No,No,No,No,No,No,No,No,No,No,No,No,No,No,No,,,,,,,,,,4.0
121,2024/09/13 8:25:50 AM AST,CMP 120 Foundations of Information Security,No,No,No,Yes,No,No,No,No,No,No,No,No,No,No,Some Impact,No Impact,High Impact,,High Impact,,,,High Impact,,,High Impact,,,High Impact,High Impact,No,No,No,No,No,No,No,No,No,No,No,Yes,No,No,No,No,,,,,,,,,,4.0
122,2024/09/13 8:26:08 AM AST,CMP 120 Foundations of Information Security,No,No,Don't recall,Yes,No,No,No,Yes,No,No,No,No,No,No,Some Impact,No Impact,Some Impact,Some Impact,No Impact,No Impact,High Impact,Some Impact,Some Impact,No Impact,Some Impact,High Impact,No Impact,No Impact,No Impact,High Impact,No,No,No,No,No,No,No,No,No,No,No,No,No,No,No,No,Yes,Yes,No,No,No,No,No,No,No,
123,2024/09/13 8:27:30 AM AST,CMP 120 Foundations of Information Security,Don't recall,Don't recall,Yes,Don't recall,Don't recall,Don't recall,Don't recall,Yes,Don't recall,Don't recall,Don't recall,Don't recall,Don't recall,Don't recall,No Impact,No Impact,High Impact,No Impact,No Impact,No Impact,No Impact,No Impact,High Impact,High Impact,No Impact,No Impact,No Impact,No Impact,High Impact,High Impact,No,No,No,No,No,Yes,Yes,No,Yes,Yes,No,No,No,No,No,No,Don't recall,Don't recall,Don't recall,Don't recall,Don't recall,Don't recall,Don't recall,Don't recall,Don't recall,
124,2024/09/13 8:27:37 AM AST,CMP 120 Foundations of Information Security,No,No,No,Yes,No,No,No,No,No,No,No,No,No,No,Some Impact,Some Impact,High Impact,No Impact,High Impact,No Impact,No Impact,No Impact,High Impact,Some Impact,High Impact,No Impact,No Impact,No Impact,High Impact,High Impact,No,No,No,No,No,No,No,No,No,No,Yes,No,No,No,No,No,No,No,No,No,No,No,No,No,Yes,
125,2024/09/13 8:27:54 AM AST,CMP 120 Foundations of Information Security,Don't recall,No,No,Yes,Yes,No,No,No,No,No,No,No,No,No,No Impact,Some Impact,Some Impact,No Impact,Some Impact,Some Impact,No Impact,No Impact,No Impact,No Impact,No Impact,No Impact,No Impact,No Impact,High Impact,High Impact,No,No,No,No,No,No,No,No,No,No,No,Yes,No,No,No,No,Yes,No,Yes,Yes,Yes,No,Yes,Yes,No,
126,2024/09/13 8:28:23 AM AST,CMP 131 Fundamentals of Programming (Python),No,No,No,No,No,No,No,Yes,No,No,No,No,No,No,No Impact,No Impact,High Impact,No Impact,No Impact,No Impact,Some Impact,No Impact,No Impact,No Impact,Some Impact,No Impact,No Impact,No Impact,No Impact,No Impact,No,No,No,No,No,No,No,No,No,No,No,No,No,No,No,Yes,Yes,No,No,No,No,No,No,No,No,
127,2024/09/13 8:28:33 AM AST,CMP 131 Fundamentals of Programming (Python),No,No,No,No,No,No,No,Yes,No,No,No,No,No,No,High Impact,No Impact,High Impact,No Impact,No Impact,No Impact,No Impact,High Impact,High Impact,No Impact,Some Impact,No Impact,No Impact,No Impact,High Impact,High Impact,Yes,No,No,No,No,No,Yes,No,No,Yes,No,No,No,No,No,Yes,Yes,No,No,No,No,No,No,No,No,
128,2024/09/13 8:28:49 AM AST,CMP 120 Foundations of Information Security,No,No,No,Yes,No,Yes,No,No,No,No,No,No,No,No,High Impact,Some Impact,High Impact,Some Impact,Some Impact,No Impact,High Impact,High Impact,High Impact,No Impact,High Impact,High Impact,No Impact,No Impact,High Impact,High Impact,No,No,No,No,No,No,Yes,No,No,No,No,No,No,No,No,No,Yes,No,Yes,Yes,No,No,No,No,No,
129,2024/09/13 8:30:03 AM AST,CMP 120 Foundations of Information Security,No,No,No,Yes,No,No,Yes,Yes,No,No,No,No,No,No,No Impact,No Impact,Some Impact,No Impact,Some Impact,No Impact,No Impact,No Impact,Some Impact,No Impact,No Impact,Some Impact,No Impact,No Impact,No Impact,Some Impact,No,No,No,No,No,No,No,No,No,No,No,No,No,No,No,No,Yes,No,No,No,No,No,No,No,No,
130,2024/09/13 8:31:04 AM AST,CMP 120 Foundations of Information Security,No,No,No,Yes,Yes,No,Yes,Yes,No,No,No,No,No,No,High Impact,High Impact,High Impact,Some Impact,High Impact,No Impact,High Impact,High Impact,Some Impact,No Impact,High Impact,High Impact,Some Impact,No Impact,High Impact,High Impact,Not Sure,Not Sure,Not Sure,Not Sure,Not Sure,Not Sure,Not Sure,Not Sure,Not Sure,Not Sure,Not Sure,Not Sure,Not Sure,Not Sure,Not Sure,Not Sure,Yes,No,No,No,No,No,No,No,No,
131,2024/09/13 8:31:34 AM AST,CMP 131 Fundamentals of Programming (Python),Yes,No,Don't recall,No,Yes,No,Don't recall,No,Yes,No,Don't recall,No,Yes,No,High Impact,,High Impact,Some Impact,No Impact,Some Impact,High Impact,,High Impact,Some Impact,No Impact,Some Impact,High Impact,,High Impact,Some Impact,Yes,No,Not Sure,No,Yes,No,Not Sure,No,Yes,No,Not Sure,No,Yes,No,Not Sure,No,Yes,No,Don't recall,No,Yes,No,Don't recall,No,Yes,
132,2024/09/13 8:35:26 AM AST,CMP 120 Foundations of Information Security,No,No,No,Yes,No,No,No,No,No,No,No,No,No,No,Some Impact,No Impact,Some Impact,No Impact,Some Impact,No Impact,No Impact,No Impact,Some Impact,Some Impact,No Impact,Some Impact,No Impact,No Impact,Some Impact,Some Impact,No,No,Yes,No,No,No,Yes,No,No,No,No,No,No,No,No,No,No,No,Yes,No,No,No,No,No,No,
133,2024/09/13 11:57:44 AM AST,CMP 131 Fundamentals of Programming (Python),Yes,Don't recall,Don't recall,Yes,No,No,Yes,Yes,No,No,No,No,No,No,High Impact,High Impact,Some Impact,Some Impact,Some Impact,No Impact,Some Impact,No Impact,No Impact,Some Impact,No Impact,High Impact,Some Impact,No Impact,Some Impact,High Impact,No,No,No,No,No,No,No,No,No,No,No,No,No,No,No,No,Yes,No,No,No,No,No,No,No,No,
134,2024/09/13 11:58:18 AM AST,CMP 131 Fundamentals of Programming (Python),No,No,No,Yes,Yes,No,Yes,Yes,No,No,No,No,No,No,High Impact,High Impact,Some Impact,Some Impact,High Impact,,High Impact,Some Impact,Some Impact,No Impact,No Impact,,,,High Impact,High Impact,No,No,Yes,Yes,No,No,No,No,No,Yes,No,Yes,No,No,No,No,No,No,Yes,Yes,Yes,No,No,No,No,
135,2024/09/13 11:58:25 AM AST,CMP 131 Fundamentals of Programming (Python),Yes,No,Yes,Yes,Yes,Yes,Yes,Yes,Yes,Yes,No,No,No,Yes,High Impact,High Impact,Some Impact,Some Impact,Some Impact,Some Impact,High Impact,No Impact,No Impact,No Impact,No Impact,No Impact,No Impact,No Impact,High Impact,No Impact,No,No,No,No,No,No,No,No,No,Yes,No,No,No,No,No,No,,,,,,,,,,5.0
136,2024/09/13 11:58:49 AM AST,CMP 131 Fundamentals of Programming (Python),Yes,No,No,Yes,No,No,Yes,Yes,No,No,No,No,No,No,No Impact,No Impact,High Impact,High Impact,No Impact,No Impact,High Impact,No Impact,No Impact,High Impact,No Impact,No Impact,No Impact,No Impact,High Impact,No Impact,No,Yes,Yes,Yes,No,No,Yes,No,Yes,Yes,No,No,No,No,No,No,No,No,No,Don't recall,No,No,No,No,No,
137,2024/09/13 11:58:53 AM AST,CMP 131 Fundamentals of Programming (Python),Yes,No,No,Yes,Yes,No,No,No,No,No,No,No,No,No,No Impact,Some Impact,High Impact,High Impact,High Impact,No Impact,Some Impact,No Impact,No Impact,No Impact,No Impact,High Impact,No Impact,No Impact,High Impact,No Impact,No,No,No,No,Not Sure,No,No,No,No,No,No,No,No,No,No,No,No,No,Yes,Yes,Yes,No,No,No,No,
138,2024/09/13 11:59:02 AM AST,CMP 131 Fundamentals of Programming (Python),Yes,Yes,Yes,Yes,Yes,Yes,Yes,Yes,Don't recall,Don't recall,Don't recall,Don't recall,Don't recall,Don't recall,High Impact,High Impact,High Impact,High Impact,No Impact,Some Impact,High Impact,No Impact,No Impact,Some Impact,Some Impact,,High Impact,No Impact,Some Impact,No Impact,Yes,Not Sure,Not Sure,Not Sure,Not Sure,Not Sure,Not Sure,Not Sure,Not Sure,Yes,Not Sure,Not Sure,Not Sure,Not Sure,Not Sure,Not Sure,,,,,,,,,,4.0
139,2024/09/13 11:59:09 AM AST,CMP 131 Fundamentals of Programming (Python),Yes,Don't recall,Don't recall,Don't recall,Don't recall,Don't recall,Don't recall,Don't recall,Don't recall,Don't recall,Don't recall,Don't recall,Don't recall,Don't recall,High Impact,High Impact,High Impact,High Impact,,,,High Impact,High Impact,,,,,,High Impact,,Not Sure,Not Sure,Not Sure,Not Sure,Not Sure,Not Sure,Not Sure,Not Sure,Not Sure,Not Sure,Not Sure,Not Sure,Not Sure,Not Sure,Not Sure,Not Sure,No,No,Don't recall,Yes,No,No,No,No,Yes,
140,2024/09/13 11:59:13 AM AST,CMP 131 Fundamentals of Programming (Python),Don't recall,Don't recall,Don't recall,Don't recall,Yes,Don't recall,Yes,Yes,Don't recall,Don't recall,Don't recall,Don't recall,Don't recall,Don't recall,High Impact,High Impact,High Impact,High Impact,High Impact,High Impact,Some Impact,High Impact,High Impact,Some Impact,Some Impact,Some Impact,Some Impact,No Impact,Some Impact,Some Impact,No,No,No,No,No,No,No,No,No,No,No,No,No,No,No,No,Yes,Yes,No,No,No,No,No,No,No,
141,2024/09/13 11:59:21 AM AST,CMP 131 Fundamentals of Programming (Python),Yes,Yes,Yes,Yes,Yes,No,No,No,No,No,Yes,No,No,Don't recall,High Impact,High Impact,Some Impact,No Impact,Some Impact,Some Impact,No Impact,High Impact,Some Impact,High Impact,Some Impact,,,,High Impact,,No,No,No,No,No,No,No,No,No,No,No,No,No,No,No,No,,,,,,,,,,5.0
142,2024/09/13 11:59:40 AM AST,CMP 131 Fundamentals of Programming (Python),Yes,No,No,Yes,No,Yes,No,Yes,No,No,No,No,No,No,High Impact,High Impact,High Impact,High Impact,Some Impact,No Impact,High Impact,High Impact,,Some Impact,Some Impact,,High Impact,,High Impact,,No,No,No,Yes,No,No,No,No,No,No,No,No,No,No,No,No,No,No,Yes,No,No,No,No,No,No,
143,2024/09/13 11:59:56 AM AST,CMP 131 Fundamentals of Programming (Python),No,No,Yes,Yes,Yes,No,Yes,Yes,No,No,No,No,No,No,High Impact,High Impact,Some Impact,Some Impact,No Impact,No Impact,Some Impact,Some Impact,No Impact,Some Impact,No Impact,No Impact,No Impact,No Impact,High Impact,No Impact,No,No,No,No,No,No,No,No,No,No,No,No,No,No,No,No,Yes,No,Yes,No,Don't recall,No,No,No,No,
144,2024/09/13 12:00:22 PM AST,CMP 131 Fundamentals of Programming (Python),No,No,Yes,Yes,No,Yes,No,No,No,No,No,No,No,No,Some Impact,Some Impact,High Impact,High Impact,Some Impact,No Impact,Some Impact,No Impact,Some Impact,No Impact,Some Impact,High Impact,High Impact,No Impact,Some Impact,No Impact,No,No,No,No,No,No,No,No,No,No,No,No,No,No,No,No,No,No,No,No,No,No,No,No,No,
145,2024/09/13 12:01:16 PM AST,CMP 131 Fundamentals of Programming (Python),No,No,Yes,Yes,Yes,Yes,Yes,Yes,No,No,No,No,No,Yes,High Impact,Some Impact,Some Impact,No Impact,No Impact,No Impact,No Impact,Some Impact,No Impact,No Impact,No Impact,Some Impact,,,High Impact,High Impact,No,No,Yes,No,No,No,No,No,No,No,Yes,No,No,No,No,No,Yes,Yes,No,No,Yes,No,No,No,Yes,
146,2024/09/13 12:01:27 PM AST,CMP 131 Fundamentals of Programming (Python),No,Yes,No,Yes,No,No,Yes,Yes,No,No,No,No,No,No,High Impact,High Impact,Some Impact,Some Impact,High Impact,No Impact,High Impact,No Impact,No Impact,Some Impact,No Impact,No Impact,No Impact,No Impact,High Impact,No Impact,No,No,No,No,No,Yes,No,No,No,No,No,Yes,No,No,No,No,,,,,,,,,,4.0
147,2024/09/13 12:01:30 PM AST,CMP 131 Fundamentals of Programming (Python),Yes,Yes,Yes,Yes,Yes,No,Yes,Yes,No,No,No,No,No,No,Some Impact,Some Impact,High Impact,Some Impact,No Impact,Some Impact,High Impact,Some Impact,Some Impact,High Impact,High Impact,High Impact,No Impact,No Impact,High Impact,,Yes,No,No,No,No,No,No,No,No,Yes,No,Yes,No,No,No,No,,,,,,,,,,4.0
148,2024/09/13 12:01:40 PM AST,CMP 131 Fundamentals of Programming (Python),Yes,No,No,Yes,Yes,Yes,Yes,No,No,No,Yes,No,No,No,High Impact,High Impact,High Impact,Some Impact,Some Impact,Some Impact,Some Impact,Some Impact,Some Impact,Some Impact,Some Impact,,,Some Impact,High Impact,,No,No,No,Yes,No,No,No,No,No,No,No,No,No,No,No,No,Yes,Yes,Yes,Yes,Yes,No,No,No,Don't recall,
149,2024/09/13 12:04:49 PM AST,CMP 131 Fundamentals of Programming (Python),Yes,Yes,Yes,Yes,Don't recall,Don't recall,Don't recall,Don't recall,Don't recall,No,No,No,No,No,High Impact,High Impact,Some Impact,No Impact,Some Impact,No Impact,Some Impact,Some Impact,No Impact,Some Impact,No Impact,No Impact,No Impact,No Impact,No Impact,No Impact,No,Yes,Yes,No,No,No,No,No,No,No,No,No,No,No,No,No,,,,,,,,,,4.0
150,2024/09/13 12:04:51 PM AST,CMP 131 Fundamentals of Programming (Python),Yes,Yes,Yes,Yes,Don't recall,Don't recall,Don't recall,Don't recall,Don't recall,No,No,No,No,No,High Impact,High Impact,Some Impact,No Impact,Some Impact,No Impact,Some Impact,Some Impact,No Impact,Some Impact,No Impact,No Impact,No Impact,No Impact,No Impact,No Impact,No,Yes,Yes,No,No,No,No,No,No,No,No,No,No,No,No,No,,,,,,,,,,4.0
151,2024/09/13 12:04:55 PM AST,CMP 131 Fundamentals of Programming (Python),Yes,Yes,Yes,Yes,Don't recall,Don't recall,Don't recall,Don't recall,Don't recall,No,No,No,No,No,High Impact,High Impact,Some Impact,No Impact,Some Impact,No Impact,Some Impact,Some Impact,No Impact,Some Impact,No Impact,No Impact,No Impact,No Impact,No Impact,No Impact,No,Yes,Yes,No,No,No,No,No,No,No,No,No,No,No,No,No,,,,,,,,,,4.0
152,2024/09/13 3:43:58 PM AST,CMP 130 Intro to IT,Yes,No,Yes,Yes,Yes,No,Yes,No,No,No,No,No,No,No,High Impact,High Impact,Some Impact,Some Impact,No Impact,No Impact,Some Impact,Some Impact,High Impact,High Impact,No Impact,No Impact,No Impact,No Impact,High Impact,No Impact,Yes,Yes,No,No,No,Yes,No,No,No,No,Yes,No,No,No,No,No,Yes,No,Yes,Yes,Yes,No,No,No,No,
153,2024/09/14 7:27:21 PM AST,CMP 128 Computer Science I,No,No,No,Yes,No,No,No,No,No,No,No,No,No,No,High Impact,High Impact,Some Impact,No Impact,High Impact,No Impact,High Impact,No Impact,No Impact,No Impact,No Impact,No Impact,No Impact,No Impact,High Impact,No Impact,No,No,No,No,No,No,No,No,No,No,No,No,No,No,No,No,Yes,No,No,No,No,No,No,No,Yes,
154,2024/09/15 10:47:24 AM AST,CMP 130 Intro to IT,Yes,No,No,Yes,Don't recall,No,Yes,Yes,No,No,No,No,No,Don't recall,High Impact,Some Impact,Some Impact,No Impact,High Impact,Some Impact,Some Impact,Some Impact,No Impact,High Impact,No Impact,No Impact,No Impact,No Impact,High Impact,No Impact,Yes,No,Not Sure,No,No,No,No,No,No,Not Sure,Yes,Yes,No,No,No,No,,,,,,,,,,3.0
155,2024/09/15 6:57:51 PM AST,CMP 239 Internet & Web Page Design,Yes,Yes,No,Yes,Yes,Yes,Yes,Yes,No,No,No,No,No,Don't recall,High Impact,High Impact,High Impact,High Impact,No Impact,Some Impact,High Impact,High Impact,,Some Impact,High Impact,High Impact,High Impact,,High Impact,,No,No,Not Sure,No,No,Yes,No,No,No,Yes,No,Yes,No,No,No,No,No,No,Yes,Yes,Yes,No,No,No,Don't recall,
156,2024/09/15 7:04:13 PM AST,CMP 239 Internet & Web Page Design,Yes,No,Yes,Yes,No,No,No,Yes,No,No,No,No,No,Don't recall,High Impact,Some Impact,High Impact,High Impact,,,Some Impact,High Impact,,Some Impact,High Impact,High Impact,No Impact,,High Impact,,No,No,No,No,No,No,No,No,No,Yes,No,Yes,No,No,No,No,,,,,,,,,,4.0
157,2024/09/15 9:42:15 PM AST,CMP 131 Fundamentals of Programming (Python),No,No,No,Yes,No,Yes,No,No,No,No,Yes,Yes,Yes,No,Some Impact,High Impact,High Impact,Some Impact,No Impact,No Impact,Some Impact,Some Impact,Some Impact,Some Impact,No Impact,No Impact,No Impact,No Impact,High Impact,No Impact,No,No,No,No,No,No,No,No,No,No,No,No,No,No,No,No,,,,,,,,,,5.0
158,2024/09/16 9:44:01 AM AST,CMP 128 Computer Science I,No,No,No,Yes,Yes,No,No,No,No,No,No,No,No,No,No Impact,No Impact,No Impact,No Impact,Some Impact,No Impact,No Impact,No Impact,No Impact,High Impact,No Impact,No Impact,No Impact,No Impact,No Impact,High Impact,No,No,No,No,No,No,No,No,No,No,No,No,No,No,No,No,,,,,,,,,,5.0
159,2024/09/16 9:45:10 AM AST,CMP 128 Computer Science I,No,No,Yes,Yes,Yes,Yes,Yes,Yes,No,No,No,No,No,No,High Impact,High Impact,Some Impact,No Impact,High Impact,No Impact,Some Impact,High Impact,High Impact,Some Impact,High Impact,High Impact,High Impact,Some Impact,High Impact,No Impact,No,No,No,No,No,No,No,No,No,Yes,No,No,No,No,No,No,,,,,,,,,,3.0
160,2024/09/16 9:45:28 AM AST,CMP 128 Computer Science I,No,No,No,Yes,No,No,No,Yes,No,No,No,No,No,No,High Impact,High Impact,Some Impact,No Impact,Some Impact,No Impact,Some Impact,Some Impact,Some Impact,No Impact,No Impact,No Impact,No Impact,No Impact,High Impact,No Impact,No,Yes,No,No,No,No,No,No,No,No,No,No,No,No,No,No,No,No,No,Yes,No,No,No,No,No,
161,2024/09/16 9:45:40 AM AST,CMP 128 Computer Science I,Yes,No,No,Yes,No,No,No,No,No,No,No,No,No,No,High Impact,High Impact,Some Impact,Some Impact,Some Impact,High Impact,Some Impact,Some Impact,Some Impact,High Impact,Some Impact,High Impact,No Impact,Some Impact,High Impact,No Impact,No,No,No,No,No,No,No,No,No,No,No,No,No,No,No,No,No,No,Yes,Yes,No,No,No,No,No,
162,2024/09/16 9:45:52 AM AST,CMP 128 Computer Science I,No,No,No,Yes,Yes,No,Yes,No,No,No,No,No,No,No,High Impact,Some Impact,No Impact,No Impact,Some Impact,No Impact,No Impact,Some Impact,Some Impact,No Impact,No Impact,No Impact,No Impact,No Impact,High Impact,No Impact,No,No,Yes,Yes,No,No,No,No,No,Yes,Yes,Yes,Not Sure,No,No,No,Yes,No,No,Yes,Yes,No,No,No,No,
163,2024/09/16 9:46:57 AM AST,CMP 128 Computer Science I,No,No,No,No,No,No,No,No,No,No,No,No,No,No,No Impact,High Impact,Some Impact,High Impact,High Impact,High Impact,High Impact,High Impact,Some Impact,Some Impact,Some Impact,High Impact,,,Some Impact,Some Impact,Yes,No,No,Yes,No,No,No,No,No,No,No,Yes,No,No,No,Yes,No,No,No,No,No,No,No,No,No,
164,2024/09/16 9:47:12 AM AST,CMP 128 Computer Science I,Yes,No,No,Yes,No,No,No,Yes,No,No,No,No,No,No,Some Impact,Some Impact,High Impact,No Impact,No Impact,Some Impact,No Impact,Some Impact,No Impact,Some Impact,Some Impact,No Impact,,No Impact,Some Impact,No Impact,No,No,No,No,No,No,No,No,No,No,No,Yes,No,No,No,No,,,,,,,,,,2.0
165,2024/09/16 9:48:31 AM AST,CMP 128 Computer Science I,No,Don't recall,Yes,Yes,Yes,Don't recall,Yes,Yes,Don't recall,Don't recall,Don't recall,Don't recall,Don't recall,Don't recall,High Impact,High Impact,Some Impact,Some Impact,No Impact,Some Impact,Some Impact,Some Impact,No Impact,No Impact,High Impact,High Impact,No Impact,No Impact,High Impact,Some Impact,No,No,No,No,No,No,No,No,No,Yes,No,Yes,No,No,No,No,,,,,,,,,,3.0
166,2024/09/16 9:48:48 AM AST,CMP 128 Computer Science I,Yes,No,No,Yes,Yes,No,Yes,Yes,No,No,No,No,No,No,High Impact,Some Impact,Some Impact,Some Impact,Some Impact,No Impact,Some Impact,Some Impact,No Impact,No Impact,No Impact,No Impact,No Impact,No Impact,High Impact,No Impact,No,No,Yes,Yes,No,No,No,No,No,Yes,Yes,Yes,No,No,No,No,Yes,No,No,Yes,Yes,No,No,No,No,
167,2024/09/16 9:49:17 AM AST,CMP 128 Computer Science I,No,No,Yes,No,No,No,No,Yes,No,No,No,No,No,Don't recall,High Impact,Some Impact,High Impact,No Impact,No Impact,No Impact,No Impact,Some Impact,No Impact,No Impact,No Impact,No Impact,No Impact,No Impact,No Impact,No Impact,No,No,Yes,No,No,Yes,No,No,No,Yes,No,Yes,No,No,No,No,,,,,,,,,,3.0
168,2024/09/16 9:49:23 AM AST,CMP 128 Computer Science I,No,No,No,Yes,No,No,Yes,No,No,No,No,No,No,No,High Impact,High Impact,No Impact,No Impact,Some Impact,No Impact,Some Impact,High Impact,No Impact,Some Impact,No Impact,No Impact,No Impact,No Impact,High Impact,No Impact,Yes,No,Not Sure,No,No,Yes,No,No,No,Yes,No,Yes,No,No,No,No,Yes,Don't recall,Don't recall,Yes,Yes,No,No,No,No,
169,2024/09/16 9:50:10 AM AST,CMP 128 Computer Science I,Yes,No,No,Yes,No,No,No,No,No,No,No,No,No,No,Some Impact,Some Impact,High Impact,No Impact,Some Impact,No Impact,No Impact,No Impact,No Impact,No Impact,No Impact,Some Impact,No Impact,No Impact,High Impact,No Impact,No,No,No,No,No,No,No,No,No,No,No,No,No,No,No,No,,,,,,,,,,4.0
170,2024/09/16 9:50:20 AM AST,CMP 128 Computer Science I,No,No,No,Yes,No,Yes,No,No,No,No,No,No,No,No,High Impact,No Impact,Some Impact,High Impact,Some Impact,Some Impact,No Impact,High Impact,Some Impact,Some Impact,No Impact,,,,High Impact,,No,No,Yes,Yes,No,No,No,No,No,No,No,Yes,No,No,No,No,,,,,,,,,,3.0
171,2024/09/16 9:53:49 AM AST,CMP 128 Computer Science I,No,No,Yes,Yes,No,No,No,No,No,No,No,No,No,No,High Impact,High Impact,High Impact,No Impact,Some Impact,No Impact,Some Impact,High Impact,No Impact,Some Impact,No Impact,,,,High Impact,No Impact,Yes,No,Not Sure,No,No,Yes,No,No,No,Yes,No,Yes,No,No,No,No,Don't recall,No,Yes,Yes,Yes,No,No,No,No,
172,2024/09/16 9:56:07 AM AST,CMP 128 Computer Science I,Yes,No,No,Yes,No,No,No,No,No,No,No,No,No,No,No Impact,Some Impact,High Impact,No Impact,Some Impact,No Impact,No Impact,No Impact,No Impact,No Impact,No Impact,High Impact,No Impact,No Impact,High Impact,No Impact,No,No,No,No,No,No,No,No,No,No,No,No,No,No,No,No,,,,,,,,,,4.0
173,2024/09/16 9:56:22 AM AST,CMP 128 Computer Science I,No,No,No,Yes,No,Yes,No,No,No,No,No,No,No,No,High Impact,No Impact,High Impact,High Impact,Some Impact,Some Impact,No Impact,High Impact,No Impact,Some Impact,No Impact,,,,High Impact,,No,No,Yes,Yes,No,No,No,No,No,No,No,No,No,No,No,No,,,,,,,,,,3.0
174,2024/09/16 9:58:01 AM AST,CMP 128 Computer Science I,No,No,No,No,Yes,No,Yes,Yes,No,No,No,No,No,No,High Impact,High Impact,Some Impact,Some Impact,Some Impact,High Impact,Some Impact,High Impact,Some Impact,Some Impact,Some Impact,Some Impact,Some Impact,Some Impact,Some Impact,Some Impact,No,No,No,No,No,No,No,No,No,No,Yes,No,No,No,No,No,Yes,No,No,No,No,No,No,No,No,
175,2024/09/16 11:01:21 AM AST,CMP 128 Computer Science I,No,No,No,No,No,No,Don't recall,Don't recall,No,No,No,No,No,Yes,High Impact,Some Impact,No Impact,No Impact,No Impact,No Impact,No Impact,Some Impact,Some Impact,No Impact,Some Impact,,,,Some Impact,,No,No,Yes,No,No,No,No,No,No,No,No,Yes,No,No,No,No,,,,,,,,,,3.0
176,2024/09/16 12:44:50 PM AST,CMP 128 Computer Science I,Yes,No,No,Yes,Yes,No,No,No,No,Yes,Yes,No,No,No,High Impact,High Impact,High Impact,High Impact,No Impact,No Impact,Some Impact,High Impact,High Impact,No Impact,Some Impact,High Impact,No Impact,No Impact,High Impact,No Impact,No,No,Yes,No,No,No,No,No,No,No,No,Yes,No,No,No,No,No,No,Yes,Yes,No,No,No,No,No,
177,2024/09/16 12:48:27 PM AST,CMP 128 Computer Science I,Yes,No,No,Yes,Yes,No,No,No,No,Yes,Yes,No,No,No,High Impact,High Impact,High Impact,High Impact,No Impact,No Impact,Some Impact,High Impact,High Impact,No Impact,No Impact,High Impact,No Impact,No Impact,High Impact,No Impact,No,No,Yes,No,No,No,No,No,No,No,No,Yes,No,No,No,No,No,No,Yes,Yes,No,No,No,No,No,
178,2024/09/16 1:46:54 PM AST,CMP 128 Computer Science I,Yes,Yes,No,No,No,No,No,No,No,No,No,No,No,No,High Impact,No Impact,High Impact,High Impact,No Impact,No Impact,Some Impact,High Impact,High Impact,No Impact,No Impact,No Impact,No Impact,No Impact,No Impact,No Impact,No,No,No,No,No,No,No,No,No,No,No,No,No,No,No,No,No,No,Yes,No,No,No,No,No,No,
179,2024/09/16 9:28:34 PM AST,CMP 128 Computer Science I,Yes,No,No,No,Yes,No,No,No,No,No,No,No,No,No,High Impact,High Impact,High Impact,High Impact,High Impact,High Impact,High Impact,High Impact,High Impact,High Impact,Some Impact,Some Impact,No Impact,No Impact,High Impact,No Impact,Yes,No,Yes,Yes,No,No,No,No,No,No,No,No,No,No,No,No,No,No,Yes,Yes,Yes,No,No,No,No,
180,2024/09/16 9:31:32 PM AST,CMP 128 Computer Science I,Yes,Yes,No,Yes,No,No,No,No,No,No,No,No,No,No,High Impact,High Impact,High Impact,High Impact,High Impact,High Impact,High Impact,High Impact,High Impact,High Impact,Some Impact,High Impact,No Impact,No Impact,High Impact,No Impact,Yes,No,Yes,Yes,No,No,No,No,No,No,No,No,No,No,No,No,No,No,Yes,Yes,Yes,No,No,No,No,
181,2024/09/17 10:06:33 AM AST,CMP 128 Computer Science I,Yes,Yes,Yes,Yes,Yes,Yes,No,No,No,Yes,Yes,Yes,Yes,Yes,High Impact,High Impact,High Impact,High Impact,High Impact,High Impact,High Impact,Some Impact,Some Impact,High Impact,High Impact,High Impact,,,High Impact,,No,No,No,No,No,No,No,No,No,No,No,No,No,No,No,No,,,,,,,,,,4.0
182,2024/09/19 10:24:59 PM AST,CMP 128 Computer Science I,Yes,No,No,No,No,No,Yes,Yes,No,No,No,Yes,No,No,Some Impact,High Impact,No Impact,No Impact,Some Impact,Some Impact,No Impact,High Impact,Some Impact,High Impact,No Impact,No Impact,No Impact,No Impact,No Impact,High Impact,Yes,No,No,No,No,No,No,No,No,No,No,No,No,No,No,No,No,Yes,Yes,No,No,No,No,No,No,
183,2024/09/19 10:27:44 PM AST,CMP 128 Computer Science I,Yes,No,No,Yes,No,No,Yes,Yes,No,No,Yes,Yes,No,No,High Impact,,,,,,,High Impact,High Impact,High Impact,,,,,,,Yes,No,No,No,No,No,No,No,No,No,No,No,No,No,No,No,Yes,Yes,No,No,No,No,No,No,No,
184,2024/09/21 4:14:33 PM AST,CMP 128 Computer Science I,No,No,No,Yes,Yes,Yes,No,No,No,No,No,No,No,No,No Impact,Some Impact,High Impact,No Impact,Some Impact,No Impact,No Impact,No Impact,No Impact,No Impact,No Impact,Some Impact,No Impact,No Impact,High Impact,No Impact,No,No,No,No,No,No,No,No,No,No,No,No,No,No,No,No,No,No,No,No,No,No,No,No,No,
185,2024/09/21 11:25:37 PM AST,CMP 128 Computer Science I,Yes,No,No,No,Yes,Yes,No,Yes,No,No,No,No,No,No,High Impact,High Impact,High Impact,Some Impact,No Impact,No Impact,High Impact,Some Impact,Some Impact,Some Impact,No Impact,High Impact,No Impact,No Impact,High Impact,No Impact,No,No,No,No,No,No,No,No,No,No,No,No,No,No,No,No,,,,,,,,,,5.0
186,2024/09/21 11:48:22 PM AST,CMP 128 Computer Science I,Yes,No,No,No,No,No,No,No,No,No,No,No,No,No,High Impact,High Impact,High Impact,High Impact,Some Impact,Some Impact,High Impact,High Impact,High Impact,High Impact,High Impact,Some Impact,Some Impact,No Impact,High Impact,No Impact,No,No,No,No,No,No,No,No,No,No,No,No,No,No,No,No,,,,,,,,,,5.0
187,2024/09/21 11:53:32 PM AST,CMP 128 Computer Science I,Yes,No,No,No,No,No,No,No,No,No,No,No,No,No,High Impact,High Impact,High Impact,No Impact,Some Impact,No Impact,Some Impact,High Impact,No Impact,Some Impact,Some Impact,Some Impact,Some Impact,No Impact,High Impact,High Impact,No,No,No,No,No,No,No,No,No,No,No,No,No,No,No,No,,,,,,,,,,4.0
188,2024/09/22 8:09:39 AM AST,CMP 128 Computer Science I,No,No,No,Yes,No,No,No,No,No,No,No,No,No,No,High Impact,Some Impact,High Impact,Some Impact,High Impact,Some Impact,Some Impact,Some Impact,Some Impact,Some Impact,No Impact,No Impact,No Impact,Some Impact,Some Impact,No Impact,No,No,No,No,No,No,No,No,No,No,No,No,No,No,No,No,,,,,,,,,,3.0
189,2024/09/22 11:56:05 AM AST,CMP 128 Computer Science I,No,No,No,Yes,Yes,No,No,No,No,No,No,No,No,No,No Impact,High Impact,Some Impact,High Impact,High Impact,Some Impact,,,,High Impact,,,High Impact,,High Impact,,No,No,No,No,No,No,No,No,No,No,No,No,No,No,No,No,,,,,,,,,,4.0
190,2024/09/22 3:10:08 PM AST,CMP 128 Computer Science I,No,No,No,Yes,No,No,No,No,No,No,No,No,No,No,Some Impact,High Impact,No Impact,No Impact,No Impact,No Impact,No Impact,Some Impact,Some Impact,Some Impact,No Impact,Some Impact,Some Impact,No Impact,High Impact,No Impact,No,No,No,No,No,No,No,No,No,No,No,No,No,No,No,No,No,No,No,No,No,No,No,No,No,
191,2024/09/22 3:13:34 PM AST,CMP 128 Computer Science I,Yes,No,No,Yes,No,No,No,No,No,No,No,No,No,No,High Impact,High Impact,No Impact,No Impact,No Impact,No Impact,No Impact,Some Impact,Some Impact,Some Impact,No Impact,Some Impact,Some Impact,No Impact,Some Impact,No Impact,No,No,No,No,No,No,No,No,No,No,No,No,No,No,No,No,No,No,No,No,No,No,No,No,No,
192,2024/09/22 6:32:46 PM AST,CMP 128 Computer Science I,Don't recall,Don't recall,Don't recall,Don't recall,Yes,Don't recall,Don't recall,Don't recall,Don't recall,Don't recall,Yes,Don't recall,Don't recall,Yes,No Impact,High Impact,No Impact,High Impact,No Impact,No Impact,No Impact,No Impact,No Impact,No Impact,No Impact,No Impact,High Impact,No Impact,No Impact,No Impact,No,No,No,No,No,No,No,No,No,No,No,No,No,No,No,No,No,No,No,No,No,No,No,No,No,
193,2024/09/22 8:51:18 PM AST,CMP 128 Computer Science I,Yes,No,No,Yes,No,No,No,Yes,No,No,No,No,No,No,No Impact,High Impact,High Impact,High Impact,No Impact,No Impact,High Impact,No Impact,,,,,,,,,Yes,No,No,Yes,No,No,No,No,No,No,No,No,No,No,No,No,Yes,Yes,Don't recall,Don't recall,Yes,Don't recall,Don't recall,Don't recall,Don't recall,
194,2024/09/22 9:17:23 PM AST,CMP 128 Computer Science I,Yes,Don't recall,No,No,No,No,Yes,Yes,No,No,No,No,No,No,High Impact,High Impact,No Impact,No Impact,No Impact,No Impact,Some Impact,Some Impact,Some Impact,No Impact,No Impact,No Impact,No Impact,No Impact,Some Impact,No Impact,No,No,No,No,No,No,No,No,No,No,No,Yes,No,No,No,No,No,No,Yes,Yes,Yes,No,No,No,No,
195,2024/09/22 11:07:28 PM AST,CMP 128 Computer Science I,Yes,No,No,Yes,Yes,Yes,Yes,No,No,No,No,No,No,No,Some Impact,Some Impact,No Impact,No Impact,No Impact,No Impact,No Impact,Some Impact,No Impact,No Impact,No Impact,No Impact,No Impact,No Impact,Some Impact,No Impact,No,No,No,No,No,No,No,No,No,No,No,No,No,No,No,No,Don't recall,Don't recall,Don't recall,Don't recall,Don't recall,Don't recall,Don't recall,Don't recall,Don't recall,
196,2024/09/27 1:01:23 PM AST,CMP 131 Fundamentals of Programming (Python),No,No,No,Yes,Yes,Yes,No,No,No,Yes,No,No,No,No,Some Impact,Some Impact,Some Impact,No Impact,High Impact,High Impact,No Impact,No Impact,No Impact,No Impact,No Impact,No Impact,No Impact,No Impact,No Impact,No Impact,No,No,Yes,No,No,No,No,No,No,No,No,No,Yes,No,No,No,No,No,No,Yes,Yes,Yes,Yes,Yes,No,
